"","text","favorited","favoriteCount","replyToSN","created","truncated","replyToSID","id","replyToUID","statusSource","screenName","retweetCount","isRetweet","retweeted","longitude","latitude"
"1","#DigitalTransformation #MachineLearning #BigData #ArtificialIntelligence #cybersecurity #Blockchain #DX #Analytics… https://t.co/QNvrOmbUnm",FALSE,1,NA,2021-02-28 14:18:40,TRUE,NA,"1366030059081895937",NA,"<a href=""http://twitter.com/download/android"" rel=""nofollow"">Twitter for Android</a>","MadhanAlisha",5,FALSE,FALSE,NA,NA
"2","#Math #Mathematics #AcadService #MathAcadService #AcademicService
Math Mathematics Acad Service Academic Service",FALSE,0,"seokminhonam",2021-02-28 14:11:09,FALSE,"1366027858120896513","1366028168113496069","1354733311508140037","<a href=""http://twitter.com/download/android"" rel=""nofollow"">Twitter for Android</a>","seokminhonam",1,FALSE,FALSE,NA,NA
"3","Looking for the best online partner  with diverse experience and have made many achieve their best in matters acade… https://t.co/urpMDDPrwX",FALSE,0,NA,2021-02-28 14:07:56,TRUE,NA,"1366027358256443398",NA,"<a href=""http://twitter.com/download/android"" rel=""nofollow"">Twitter for Android</a>","fridahscholars",0,FALSE,FALSE,NA,NA
"4","We offer quality services in:
#onlineclass
#fall classes 
#Essay due
#Paper pay 
#javascript
#Case study
#homeworks… https://t.co/lSKY65Ia83",FALSE,0,NA,2021-02-28 14:07:02,TRUE,NA,"1366027132359634944",NA,"<a href=""http://twitter.com/download/android"" rel=""nofollow"">Twitter for Android</a>","PerfectWriters6",1,FALSE,FALSE,NA,NA
"5","Strain no More in Your,
#onlineclass
#fall classes 
#Essay due
#Paper pay 
#javascript
#Case study
#homeworks… https://t.co/85AiKfHpRi",FALSE,0,NA,2021-02-28 14:06:34,TRUE,NA,"1366027012566056964",NA,"<a href=""http://twitter.com/download/android"" rel=""nofollow"">Twitter for Android</a>","PerfectWriters6",1,FALSE,FALSE,NA,NA
"6","Strain no More in Your,
#onlineclass
#fall classes 
#Essay due
#Paper pay 
#javascript
#Case study
#homeworks… https://t.co/pubBXbQfN7",FALSE,0,NA,2021-02-28 14:06:23,TRUE,NA,"1366026966705528842",NA,"<a href=""http://twitter.com/download/android"" rel=""nofollow"">Twitter for Android</a>","FloridaPhyc",2,FALSE,FALSE,NA,NA
"7","#onlineclass
#fall classes 
#Essay due
#Paper pay 
#javascript
#Case study
#homeworks
#essaypay
#econometrics
#Math… https://t.co/BbFJGKNWEh",FALSE,0,NA,2021-02-28 14:06:15,TRUE,NA,"1366026934208102400",NA,"<a href=""http://twitter.com/download/android"" rel=""nofollow"">Twitter for Android</a>","PerfectWriters6",1,FALSE,FALSE,NA,NA
"8","#onlineclass
#fall classes 
#Essay due
#Paper pay 
#javascript
#Case study
#homeworks
#essaypay
#econometrics
#Math… https://t.co/1ehscOdMeH",FALSE,0,NA,2021-02-28 14:06:01,TRUE,NA,"1366026874728701954",NA,"<a href=""http://twitter.com/download/android"" rel=""nofollow"">Twitter for Android</a>","FloridaPhyc",1,FALSE,FALSE,NA,NA
"9","#onlineclass
#fall classes 
#Essay due
#Paper pay 
#javascript
#Case study
#homeworks
#essaypay
#econometrics
#Math… https://t.co/Smz25on8gV",FALSE,0,NA,2021-02-28 14:05:07,TRUE,NA,"1366026649578397698",NA,"<a href=""https://mobile.twitter.com"" rel=""nofollow"">Twitter Web App</a>","Paul1Tutor",1,FALSE,FALSE,NA,NA
"10","Strain no More in Your,
#onlineclass
#fall classes 
#Essay due
#Paper pay 
#javascript
#Case study
#homeworks… https://t.co/zzxRRuLjGV",FALSE,0,NA,2021-02-28 14:04:40,TRUE,NA,"1366026537779265539",NA,"<a href=""https://mobile.twitter.com"" rel=""nofollow"">Twitter Web App</a>","Homework_top",2,FALSE,FALSE,NA,NA
"11","Looking for the best online partner  with diverse experience and have made many achieve their best in matters acade… https://t.co/SVGKfF76ug",FALSE,0,NA,2021-02-28 14:04:33,TRUE,NA,"1366026508419145728",NA,"<a href=""http://twitter.com/download/android"" rel=""nofollow"">Twitter for Android</a>","academicmaster2",0,FALSE,FALSE,NA,NA
"12","FREE endless interactive elementary maths for your family #kids #learning #stem #math #education #online https://t.co/1lv4TjJYrS",FALSE,0,NA,2021-02-28 14:03:34,FALSE,NA,"1366026259835330561",NA,"<a href=""http://twitter.com/download/iphone"" rel=""nofollow"">Twitter for iPhone</a>","endlessmath",0,FALSE,FALSE,NA,NA
"13","#mathchat #math Poetry sounding prose style site:There are 3 kinds of #people Those who can #count &amp; those who can't https://t.co/TCILcuwyLZ",FALSE,0,NA,2021-02-28 14:03:02,FALSE,NA,"1366026124745129987",NA,"<a href=""https://www.tweetsuite.com/"" rel=""nofollow"">Tweet Suite</a>","WomensPowerBook",0,FALSE,FALSE,NA,NA
"14","A #fun way to #practice #addition.  

https://t.co/KIhVn9Wgyj

#Educational #Games #kids #schools #Schooltime… https://t.co/wYOAvloWCT",FALSE,0,NA,2021-02-28 14:02:02,TRUE,NA,"1366025875796410371",NA,"<a href=""https://buffer.com"" rel=""nofollow"">Buffer</a>","kidd81",0,FALSE,FALSE,NA,NA
"15","We offer quality services in:
#onlineclass
#fall classes 
#Essay due
#Paper pay 
#javascript
#Case study
#homeworks… https://t.co/CP0aCCHj3P",FALSE,0,NA,2021-02-28 14:00:25,TRUE,NA,"1366025468256878592",NA,"<a href=""http://twitter.com/download/android"" rel=""nofollow"">Twitter for Android</a>","supertutors50",1,FALSE,FALSE,NA,NA
"16","Today is 2021-2-28. [20 21 2 28] has 1 way to make 24. Today's 4 Numbers! puzzle:[4 4 16 24].  https://t.co/I9yc7IQKaR #math",FALSE,0,NA,2021-02-28 14:00:15,FALSE,NA,"1366025424669577217",NA,"<a href=""http://www.24theory.com"" rel=""nofollow"">24theory</a>","4nums_game",0,FALSE,FALSE,NA,NA
"17","Strain no More in Your,
#onlineclass
#fall classes 
#Essay due
#Paper pay 
#javascript
#Case study
#homeworks… https://t.co/0dT9gFl0NX",FALSE,0,NA,2021-02-28 14:00:03,TRUE,NA,"1366025373474058242",NA,"<a href=""http://twitter.com/download/android"" rel=""nofollow"">Twitter for Android</a>","supertutors50",1,FALSE,FALSE,NA,NA
"18","Strain no More in Your,
#onlineclass
#fall classes 
#Essay due
#Paper pay 
#javascript
#Case study
#homeworks… https://t.co/dRudbg71nQ",FALSE,1,NA,2021-02-28 13:57:24,TRUE,NA,"1366024709549264897",NA,"<a href=""https://mobile.twitter.com"" rel=""nofollow"">Twitter Web App</a>","Homework_top",1,FALSE,FALSE,NA,NA
"19","Peter Sarnak on reading: “When learning an area, one should combine reading modern treatments with a study of the o… https://t.co/kFKjxGn7vx",FALSE,0,NA,2021-02-28 13:56:54,TRUE,NA,"1366024583976022017",NA,"<a href=""https://mobile.twitter.com"" rel=""nofollow"">Twitter Web App</a>","ExistsforallA",0,FALSE,FALSE,NA,NA
"20","My #almamater ... I found a place... in the early 1980's (in the dark ages. lol) where I could be a #math major and… https://t.co/fBZct5hKNp",FALSE,2,NA,2021-02-28 13:55:37,TRUE,NA,"1366024258791608320",NA,"<a href=""https://mobile.twitter.com"" rel=""nofollow"">Twitter Web App</a>","sportsyenta",0,FALSE,FALSE,NA,NA
"21","We offer quality services in:
#onlineclass
#fall classes 
#Essay due
#Paper pay 
#javascript
#Case study
#homeworks… https://t.co/Q697U9TSjY",FALSE,0,NA,2021-02-28 13:54:15,TRUE,NA,"1366023914305032206",NA,"<a href=""http://twitter.com/download/android"" rel=""nofollow"">Twitter for Android</a>","superb_writings",2,FALSE,FALSE,NA,NA
"22","Dm for
#essayhelp 
#essaypay 
#Sociology 
#assignments 
#onlineclasses 
#Math 
#calculus 
#chemistry",FALSE,1,NA,2021-02-28 13:54:02,FALSE,NA,"1366023862174052359",NA,"<a href=""http://twitter.com/download/android"" rel=""nofollow"">Twitter for Android</a>","OliviaEssayHelp",0,FALSE,FALSE,NA,NA
"23","#math #multiplication #crosscurriculum #exercise #learning #kinesthetic #fitness #motivation #fun",FALSE,0,"MrSciortinoPE",2021-02-28 13:52:53,FALSE,"1366023229920411651","1366023570321768455","1239609463683899397","<a href=""https://mobile.twitter.com"" rel=""nofollow"">Twitter Web App</a>","MrSciortinoPE",0,FALSE,FALSE,NA,NA
"24","DM us for quality grades for your online classes.

#Paperpay
#python
#chemistry 
#WomenWhoCode 
#Assignment… https://t.co/3qHTMHtVxk",FALSE,1,NA,2021-02-28 13:49:40,TRUE,NA,"1366022762641436672",NA,"<a href=""http://twitter.com/download/android"" rel=""nofollow"">Twitter for Android</a>","TutorLayla",4,FALSE,FALSE,NA,NA
"25","Pay us to do your;
#Psychology
Essays due
Sociology
English
Business
History paper
Dissertations
Discussions
vMicro… https://t.co/qwxVpKtNC1",FALSE,1,NA,2021-02-28 13:45:12,TRUE,NA,"1366021636172955653",NA,"<a href=""http://twitter.com/download/android"" rel=""nofollow"">Twitter for Android</a>","WritingReliable",0,FALSE,FALSE,NA,NA
"26","Get assignment help
Pay someone
Biochemistry
Physics
#essayhelp
Science
English
Physicalscience
#essaypay
Maths… https://t.co/7eZ4ZYlNep",FALSE,0,NA,2021-02-28 13:41:57,TRUE,NA,"1366020818480861185",NA,"<a href=""http://twitter.com/download/android"" rel=""nofollow"">Twitter for Android</a>","academic_grader",0,FALSE,FALSE,NA,NA
"27","Pay us to do  your;
Presentation
Case Study
Data analysis 
Anatomy
Geometry
Accounting
Literature
Movie review
Stat… https://t.co/diGQcW7qvl",FALSE,0,NA,2021-02-28 13:41:24,TRUE,NA,"1366020680567898113",NA,"<a href=""http://twitter.com/download/android"" rel=""nofollow"">Twitter for Android</a>","academic_grader",0,FALSE,FALSE,NA,NA
"28","FYI: It will be the year 2968 (~947 years from now) before #dogecoin's circulating supply catches up to the current… https://t.co/gB2Dt7Bdrq",FALSE,2,NA,2021-02-28 13:39:41,TRUE,NA,"1366020249527721991",NA,"<a href=""http://twitter.com/download/android"" rel=""nofollow"">Twitter for Android</a>","shutup_carl",1,FALSE,FALSE,NA,NA
"29","I provide  you nothing but top-notch quality in your assignments. Engage me today.
#business law
#Math
#Algebra… https://t.co/IIcICK6Fux",FALSE,0,NA,2021-02-28 13:39:00,TRUE,NA,"1366020075933827072",NA,"<a href=""https://mobile.twitter.com"" rel=""nofollow"">Twitter Web App</a>","AngieWriter96",0,FALSE,FALSE,NA,NA
"30","best writers to take up your;
#spring classes 
#Essay due
#Paper pay
#Someone help 
#Case study
#Do my homework… https://t.co/0DcXLgEJJ4",FALSE,0,NA,2021-02-28 13:31:08,TRUE,NA,"1366018099456208903",NA,"<a href=""http://twitter.com/download/android"" rel=""nofollow"">Twitter for Android</a>","OnlineWriters8",0,FALSE,FALSE,NA,NA
"31","Pay us for quality paper and credible results in your;
#Excel
#Math
#Engineering
#Accounting
#Essays due
History
On… https://t.co/QDoVUuo5AI",FALSE,0,NA,2021-02-28 13:30:37,TRUE,NA,"1366017966794489856",NA,"<a href=""http://twitter.com/download/android"" rel=""nofollow"">Twitter for Android</a>","OnlineWriters8",0,FALSE,FALSE,NA,NA
"32","Pay us for quality paper and credible results in your;
#Excel
#Math
#Engineering
#Accounting
#Essays due
History
On… https://t.co/BBO4jod7WZ",FALSE,0,NA,2021-02-28 13:30:04,TRUE,NA,"1366017827526819843",NA,"<a href=""http://twitter.com/download/android"" rel=""nofollow"">Twitter for Android</a>","OnlineWriters8",0,FALSE,FALSE,NA,NA
"33","Get 100 % original custom written papers by Tutors &amp; writers

#RESEARCHPAPER
#Statistics
#business
#Math
#Algebra… https://t.co/V4MKa50aLO",FALSE,0,NA,2021-02-28 13:29:42,TRUE,NA,"1366017738041393155",NA,"<a href=""http://twitter.com/download/android"" rel=""nofollow"">Twitter for Android</a>","OnlineWriters8",0,FALSE,FALSE,NA,NA
"34","Some problems don't require students to use any operation at all. Instead, it's all about recognizing different voc… https://t.co/DyEzz7Kve3",FALSE,0,NA,2021-02-28 13:29:31,TRUE,NA,"1366017691774050306",NA,"<a href=""https://mobile.twitter.com"" rel=""nofollow"">Twitter Web App</a>","AaronDaffern",0,FALSE,FALSE,NA,NA
"35","Get 100 % original custom written papers by Tutors &amp; writers

#RESEARCHPAPER
#Statistics
#business
#Math
#Algebra… https://t.co/Ha8Y2IGG0X",FALSE,0,NA,2021-02-28 13:27:56,TRUE,NA,"1366017291662589953",NA,"<a href=""http://twitter.com/download/android"" rel=""nofollow"">Twitter for Android</a>","OnlineWriters8",0,FALSE,FALSE,NA,NA
"36","Hire the Experts For;
#pay essay
#business
#Math
#Algebra
#Calculus
#workout plan
#Stats
#Biology
#Biometrics… https://t.co/X196XqoPEQ",FALSE,0,NA,2021-02-28 13:27:15,TRUE,NA,"1366017120979582978",NA,"<a href=""http://twitter.com/download/android"" rel=""nofollow"">Twitter for Android</a>","GradeElites",0,FALSE,FALSE,NA,NA
"37","Strain no More in Your,
#onlineclass
#fall classes 
#Essay due
#Paper pay 
#javascript
#Case study
#homeworks… https://t.co/VSU3uXIHhv",FALSE,1,NA,2021-02-28 13:26:20,TRUE,NA,"1366016890884288515",NA,"<a href=""http://twitter.com/download/android"" rel=""nofollow"">Twitter for Android</a>","expertwriters99",3,FALSE,FALSE,NA,NA
"38","Fermat’s Last Theorem is just a special case of Rey’s Last Theorem where: n = 2, k = 2
I have discovered a truly ma… https://t.co/I3zui4C2eA",FALSE,0,"Rey_Skywalker8",2021-02-28 13:26:04,TRUE,"1366016821963329537","1366016823653638147","797001572802670592","<a href=""https://mobile.twitter.com"" rel=""nofollow"">Twitter Web App</a>","Rey_Skywalker8",0,FALSE,FALSE,NA,NA
"39","Strain no More in Your,
#onlineclass
#fall classes 
#Essay due
#Paper pay 
#javascript
#Case study
#homeworks… https://t.co/QkQ5DyxcJZ",FALSE,0,NA,2021-02-28 13:24:42,TRUE,NA,"1366016477778890754",NA,"<a href=""http://twitter.com/download/android"" rel=""nofollow"">Twitter for Android</a>","writters_pro",0,FALSE,FALSE,NA,NA
"40","Strain no More in Your,
#onlineclass
#fall classes 
#Essay due
#Paper pay 
#javascript
#Case study
#homeworks… https://t.co/KhfUF1AziV",FALSE,0,NA,2021-02-28 13:23:19,TRUE,NA,"1366016129706123264",NA,"<a href=""http://twitter.com/download/android"" rel=""nofollow"">Twitter for Android</a>","legit_writings",0,FALSE,FALSE,NA,NA
"41","Strain no More in Your,
#onlineclass
#fall classes 
#Essay due
#Paper pay 
#javascript
#Case study
#homeworks… https://t.co/RFOR7sKmGr",FALSE,0,NA,2021-02-28 13:18:57,TRUE,NA,"1366015032564342784",NA,"<a href=""https://mobile.twitter.com"" rel=""nofollow"">Twitter Web App</a>","primetimeswrit1",0,FALSE,FALSE,NA,NA
"42","Strain no More in Your,
#onlineclass
#fall classes 
#Essay due
#Paper pay 
#javascript
#Case study
#homeworks… https://t.co/AGHlcAjKFf",FALSE,2,NA,2021-02-28 13:10:17,TRUE,NA,"1366012848699228162",NA,"<a href=""http://twitter.com/download/android"" rel=""nofollow"">Twitter for Android</a>","EssaysMadelaine",3,FALSE,FALSE,NA,NA
"43","#digtal #math #bundle https://t.co/d5Xvq2h3NJ",FALSE,0,NA,2021-02-28 13:08:50,FALSE,NA,"1366012484788830208",NA,"<a href=""https://mobile.twitter.com"" rel=""nofollow"">Twitter Web App</a>","TeachTreasure",0,FALSE,FALSE,NA,NA
"44","#Educational #apps for #kids!

https://t.co/Q4TXOjvhG9

#Words #addition #subtraction #Division #multiplication… https://t.co/wgNL6SIVOi",FALSE,0,NA,2021-02-28 13:08:02,TRUE,NA,"1366012283596464133",NA,"<a href=""https://buffer.com"" rel=""nofollow"">Buffer</a>","kidd78",0,FALSE,FALSE,NA,NA
"45","#MATH TING 3",FALSE,0,"mas_teacher",2021-02-28 13:04:30,FALSE,"1366011165478776838","1366011397063147531","1365118497819254788","<a href=""https://mobile.twitter.com"" rel=""nofollow"">Twitter Web App</a>","mas_teacher",0,FALSE,FALSE,NA,NA
"46","ASSIGNMENTS &amp; ESSAYS HELP 
#Kuwait, #Saudia, #Hong_Kong #China #usa #uk #germany #nz #Australia #USA 

Whatsapp/Tex… https://t.co/wrGPdFeSG1",FALSE,1,NA,2021-02-28 13:02:04,TRUE,NA,"1366010782060859397",NA,"<a href=""http://twitter.com/download/android"" rel=""nofollow"">Twitter for Android</a>","essaygenius_ctr",0,FALSE,FALSE,NA,NA
"47","I'm a color-neutral #AntiRacist factorian.

The history of #math was written by Whites to glorify White math while… https://t.co/5J3XFrgbSq",FALSE,42,NA,2021-02-28 13:01:03,TRUE,NA,"1366010527604908036",NA,"<a href=""https://mobile.twitter.com"" rel=""nofollow"">Twitter Web App</a>","jcrabtree",18,FALSE,FALSE,NA,NA
"48","#Learn #Division with #Ibbleobble #Maths #games! 

https://t.co/jDRHHMc21f

#Math #Mathematics #play #education… https://t.co/b5wi7NlwWx",FALSE,1,NA,2021-02-28 13:01:03,TRUE,NA,"1366010526535409667",NA,"<a href=""https://buffer.com"" rel=""nofollow"">Buffer</a>","KidDotCo",0,FALSE,FALSE,NA,NA
"49","These are puzzle templates. I have one pi day puzzle. Anybody have a topic they could use it for?… https://t.co/BfsMPmtzuh",FALSE,0,NA,2021-02-28 12:56:39,TRUE,NA,"1366009418849153026",NA,"<a href=""http://twitter.com/download/iphone"" rel=""nofollow"">Twitter for iPhone</a>","pirscared",0,FALSE,FALSE,NA,NA
"50","On this #Sunday we are blessed to have the trust from so many parents and students across the world. Look, we know… https://t.co/WJbqCL2E2i",FALSE,0,NA,2021-02-28 12:55:03,TRUE,NA,"1366009014816034821",NA,"<a href=""https://www.hootsuite.com"" rel=""nofollow"">Hootsuite Inc.</a>","AzulEducational",0,FALSE,FALSE,NA,NA
"51","DM @Essayassignmen8 for pay 
#pay essay
#business
#Math
#Algebra
#Calculus
#workout plan
#Stats
#Biology… https://t.co/LHGhzhYi5i",FALSE,0,NA,2021-02-28 12:35:08,TRUE,NA,"1366004003528728577",NA,"<a href=""http://twitter.com/download/android"" rel=""nofollow"">Twitter for Android</a>","SupremacyWrite1",1,FALSE,FALSE,NA,NA
"52","DM for academic help at a fair price:
#Statistics
#Literature 
#Nursing
#Biology 
#chemistry 
#Law 

#homework due… https://t.co/ed8ocBkRea",FALSE,0,NA,2021-02-28 12:34:28,TRUE,NA,"1366003835186139149",NA,"<a href=""http://twitter.com/download/android"" rel=""nofollow"">Twitter for Android</a>","SupremacyWrite1",0,FALSE,FALSE,NA,NA
"53","DM for academic help at a fair price:
#Statistics
#Literature 
#Nursing
#Biology 
#chemistry 
#Law 
#psychology… https://t.co/CJhunirFNr",FALSE,0,NA,2021-02-28 12:34:03,TRUE,NA,"1366003732073361410",NA,"<a href=""http://twitter.com/download/android"" rel=""nofollow"">Twitter for Android</a>","Custompapers4",0,FALSE,FALSE,NA,NA
"54","Strain no More in Your,hmu
#onlineclass
#fall classes 
#Essay due
#Paper pay 
#javascript
#Case study
#homeworks… https://t.co/euiCSGFUT9",FALSE,0,NA,2021-02-28 12:33:48,TRUE,NA,"1366003667300724740",NA,"<a href=""http://twitter.com/download/android"" rel=""nofollow"">Twitter for Android</a>","Custompapers4",3,FALSE,FALSE,NA,NA
"55","DM @Custompapers4 for pay 
#pay essay
#business
#Math..
#Algebra
#Calculus
#workout plan
#Stats
#Biology… https://t.co/9EVh18shxs",FALSE,0,NA,2021-02-28 12:32:14,TRUE,NA,"1366003275942756352",NA,"<a href=""http://twitter.com/download/android"" rel=""nofollow"">Twitter for Android</a>","Custompapers4",0,FALSE,FALSE,NA,NA
"56","DM for academic help at a fair price:
#Statistics
#Literature 
#Nursing
#Biology 
#chemistry 
#Law 
#psychology… https://t.co/eClM01fa0k",FALSE,0,NA,2021-02-28 12:31:56,TRUE,NA,"1366003199589646336",NA,"<a href=""http://twitter.com/download/android"" rel=""nofollow"">Twitter for Android</a>","Custompapers4",0,FALSE,FALSE,NA,NA
"57","Its #NationalScienceDay, when we periodically get to make #science jokes. #STEM #engineering #math #technology https://t.co/YBcAP8hCcL",FALSE,0,NA,2021-02-28 12:30:08,FALSE,NA,"1366002746957172739",NA,"<a href=""https://www.hootsuite.com"" rel=""nofollow"">Hootsuite Inc.</a>","e_propelled",1,FALSE,FALSE,NA,NA
"58","DM for academic help at a fair price:
#Statistics
#Literature 
#Nursing
#Biology 
#chemistry 
#Law 
#psychology… https://t.co/8Z9gtpQmcw",FALSE,0,NA,2021-02-28 12:21:17,TRUE,NA,"1366000518166941698",NA,"<a href=""http://twitter.com/download/android"" rel=""nofollow"">Twitter for Android</a>","JamietalC",0,FALSE,FALSE,NA,NA
"59","DM @Essayassignmen8 for pay 
#pay essay
#business
#Math
#Algebra
#Calculus
#workout plan
#Stats
#Biology… https://t.co/rvy1g9UJTN",FALSE,0,NA,2021-02-28 12:20:56,TRUE,NA,"1366000433165193217",NA,"<a href=""http://twitter.com/download/iphone"" rel=""nofollow"">Twitter for iPhone</a>","Essayassignmen8",1,FALSE,FALSE,NA,NA
"60","NeuralNetwork in MachineLearning 
#Bioinformatics #DataVisualization #DataScience 
#programmer #programming #AI… https://t.co/DD61oKYUkV",FALSE,4,NA,2021-02-28 12:20:23,TRUE,NA,"1366000292353998848",NA,"<a href=""https://mobile.twitter.com"" rel=""nofollow"">Twitter Web App</a>","ArtificiCenter",8,FALSE,FALSE,NA,NA
"61","Strain no More in Your,hmu
#onlineclass
#fall classes 
#Essay due
#Paper pay 
#javascript
#Case study
#homeworks… https://t.co/OmEJfVNJG6",FALSE,0,NA,2021-02-28 12:20:08,TRUE,NA,"1366000229900836871",NA,"<a href=""http://twitter.com/download/android"" rel=""nofollow"">Twitter for Android</a>","JamietalC",3,FALSE,FALSE,NA,NA
"62","DM for academic help at a fair price:
#Statistics
#Literature 
#Nursing
#Biology 
#chemistry 
#Law 
#psychology… https://t.co/PCw1J3emDu",FALSE,0,NA,2021-02-28 12:18:47,TRUE,NA,"1365999888622886914",NA,"<a href=""http://twitter.com/download/android"" rel=""nofollow"">Twitter for Android</a>","JamietalC",0,FALSE,FALSE,NA,NA
"63","Strain no More in Your,
#onlineclass
#fall classes 
#Essay due
#Paper pay 
#javascript
#Case study
#homeworks… https://t.co/9DbWTCByPZ",FALSE,0,NA,2021-02-28 12:17:14,TRUE,NA,"1365999499932499975",NA,"<a href=""http://twitter.com/download/android"" rel=""nofollow"">Twitter for Android</a>","legit_writings",2,FALSE,FALSE,NA,NA
"64","DM for academic help at a fair price:
#Statistics
#Literature 
#Nursing
#Biology 
#chemistry 
#Law 
#psychology… https://t.co/UImVbBNHAP",FALSE,1,NA,2021-02-28 12:12:03,TRUE,NA,"1365998193796857858",NA,"<a href=""http://twitter.com/download/android"" rel=""nofollow"">Twitter for Android</a>","Brainywriters12",0,FALSE,FALSE,NA,NA
"65","<U+71B1><U+529B><U+5B66><U+3092><U+8D77><U+70B9><U+3068><U+3057><U+305F><U+30CB><U+30E5><U+30FC><U+30C8><U+30F3><U+529B><U+5B66><U+7684><U+89E3><U+6C7A><U+3002>
#<U+3072><U+3064><U+3058><U+3068><U+7269><U+7406>
#<U+3053><U+306E><U+4F5C><U+54C1><U+304C><U+523A><U+3055><U+308A><U+305D><U+3046><U+306A><U+4EBA><U+77E5><U+308A><U+307E><U+305B><U+3093><U+304B>

#drawing  #illustration #physics #math #art #artwork #followme
#<U+7D75>… https://t.co/XK0h9aHZpw",FALSE,14,NA,2021-02-28 12:11:44,TRUE,NA,"1365998114260221952",NA,"<a href=""http://twitter.com/download/iphone"" rel=""nofollow"">Twitter for iPhone</a>","arphysist",1,FALSE,FALSE,NA,NA
"66","Let me tackle that #Math #English #assignment 
Am the best. 
Snap: ricead2021 https://t.co/ntiYy0ELkO",FALSE,0,NA,2021-02-28 12:09:20,FALSE,NA,"1365997510137896962",NA,"<a href=""http://twitter.com/download/android"" rel=""nofollow"">Twitter for Android</a>","RiceAdnan",0,FALSE,FALSE,NA,NA
"67","@shasha11224 Strain no More in Your,hmu
#onlineclass
#fall classes 
#Essay due
#Paper pay 
#javascript
#Case study… https://t.co/7kmMs6hY9v",FALSE,0,"shasha11224",2021-02-28 12:05:46,TRUE,"1365992607688642562","1365996612380741635","1117022074495741952","<a href=""http://twitter.com/download/android"" rel=""nofollow"">Twitter for Android</a>","academic247_247",1,FALSE,FALSE,NA,NA
"68","DM for academic help at a fair price:
#Statistics
#Literature 
#Nursing
#Biology 
#chemistry 
#Law 
#psychology… https://t.co/UyrCu7DWDv",FALSE,0,NA,2021-02-28 12:04:49,TRUE,NA,"1365996376023252995",NA,"<a href=""http://twitter.com/download/android"" rel=""nofollow"">Twitter for Android</a>","TutoringVarsity",0,FALSE,FALSE,NA,NA
"69","Can we figure out the #math approach as well as the #programming / #coding approach? https://t.co/6SkvSFKVoI",FALSE,1,NA,2021-02-28 12:02:10,FALSE,NA,"1365995708420030464",NA,"<a href=""https://about.twitter.com/products/tweetdeck"" rel=""nofollow"">TweetDeck</a>","dhimathorg",2,FALSE,FALSE,NA,NA
"70","Kindly HMU 
#business law
#Math
#Calculus
#Statistics 
#Nursing
#Essay due
#Assignment
#Online classes
#research paper
#dissertation",FALSE,0,NA,2021-02-28 12:01:56,FALSE,NA,"1365995651352256512",NA,"<a href=""https://www.cub.so"" rel=""nofollow"">Cubi.so</a>","AnnBritneyy",0,FALSE,FALSE,NA,NA
"71","7 #Educational #Apps in 1 #Bundle!

https://t.co/7j6qYwvRgP

#Maths #math #learn #learning #play #numbers #teach… https://t.co/LtE9K7wdPa",FALSE,0,NA,2021-02-28 12:01:02,TRUE,NA,"1365995422603444225",NA,"<a href=""https://buffer.com"" rel=""nofollow"">Buffer</a>","KidDotCo",0,FALSE,FALSE,NA,NA
"72","#math #puzzle @jamestanton @GlobalMathProj @mathemalicious @lilmathgirl @mathplay3 @gamesbygord @TijanaMarkovi05… https://t.co/GFNG34Ppqf",FALSE,3,NA,2021-02-28 11:59:20,TRUE,NA,"1365994993823805442",NA,"<a href=""https://mobile.twitter.com"" rel=""nofollow"">Twitter Web App</a>","KiranABacche",2,FALSE,FALSE,NA,NA
"73","#Math can be a challenge for students of all ages, especially in today's world of #virtuallearning. Huntington Lear… https://t.co/W4DPZMt6Qy",FALSE,0,NA,2021-02-28 11:57:29,TRUE,NA,"1365994530194026501",NA,"<a href=""https://www.meetsoci.com"" rel=""nofollow"">SOCi - Simplifying Social Media</a>","hlclearning_va",0,FALSE,FALSE,NA,NA
"74","Pay us take your online class
Email for inquiry<U+0001F4E9>   
#Algebra
#Geometry
#Trig<U+0001F4C8><U+0001F4C9>
#Math
#stats
#Calculus
#Biology… https://t.co/Aj6SEIEJBz",FALSE,0,NA,2021-02-28 11:57:15,TRUE,NA,"1365994470739738625",NA,"<a href=""http://twitter.com/download/android"" rel=""nofollow"">Twitter for Android</a>","Perfectessays12",0,FALSE,FALSE,NA,NA
"75","For High Grades in your;
#research  paper
#business
#Algebra
#Calculus
#Statistics 
#Accounting
#Nursing
#Biology… https://t.co/vAUoUZdu77",FALSE,0,NA,2021-02-28 11:51:02,TRUE,NA,"1365992904754421762",NA,"<a href=""http://twitter.com/download/android"" rel=""nofollow"">Twitter for Android</a>","GradeElites",0,FALSE,FALSE,NA,NA
"76","Strain no More in Your,
#onlineclass
#fall classes 
#Essay due
#Paper pay 
#javascript
#Case study
#homeworks… https://t.co/HHWfaJeWFn",FALSE,0,NA,2021-02-28 11:50:26,TRUE,NA,"1365992757324615680",NA,"<a href=""http://twitter.com/download/android"" rel=""nofollow"">Twitter for Android</a>","academic247_247",0,FALSE,FALSE,NA,NA
"77","@67Dodge @leadlagreport #math",FALSE,0,"67Dodge",2021-02-28 11:49:07,FALSE,"1365991895378374657","1365992425550876674","28217100","<a href=""http://twitter.com/download/android"" rel=""nofollow"">Twitter for Android</a>","RuhRoh05321808",0,FALSE,FALSE,NA,NA
"78","Won’t B long ‘til #PiDay so here’s 1 of my oil paintings of the gr8 transcendental ratio. I’ll B loading prints 2 t… https://t.co/hH3w31eGcQ",FALSE,1,NA,2021-02-28 11:47:43,TRUE,NA,"1365992070519939078",NA,"<a href=""http://twitter.com/#!/download/ipad"" rel=""nofollow"">Twitter for iPad</a>","Opipop",0,FALSE,FALSE,NA,NA
"79","Strain no More in Your,
#onlineclass
#fall classes 
#Essay due
#Paper pay 
#javascript
#Case study
#homeworks… https://t.co/MHuGkJrBOO",FALSE,2,NA,2021-02-28 11:43:15,TRUE,NA,"1365990946412888066",NA,"<a href=""http://twitter.com/download/android"" rel=""nofollow"">Twitter for Android</a>","legit_writings",4,FALSE,FALSE,NA,NA
"80","(2/X) <U+2728> luckily for me @RinconAnnabelle said YES on being my mentor!! After that I learned her mad math skills, spe… https://t.co/Jto6mW3mFt",FALSE,3,"MaryseMonen",2021-02-28 11:41:39,TRUE,"1365989012721270784","1365990545739423746","1050709468214951937","<a href=""http://twitter.com/download/iphone"" rel=""nofollow"">Twitter for iPhone</a>","MaryseMonen",0,FALSE,FALSE,NA,NA
"81","A #fun, #educational #Addition #practice #game perfect for early #learners

https://t.co/i4kWz3Bpfy

#Kids… https://t.co/T7ro9DRg3f",FALSE,1,NA,2021-02-28 11:38:04,TRUE,NA,"1365989641929785344",NA,"<a href=""https://buffer.com"" rel=""nofollow"">Buffer</a>","kidd81",0,FALSE,FALSE,NA,NA
"82","Skkopi Brain Teaser! can you find out the correct answer? comment on the correct answer of ""How is A Related to D""… https://t.co/bcwbSk0QYt",FALSE,0,NA,2021-02-28 11:30:02,TRUE,NA,"1365987623374884871",NA,"<a href=""https://buffer.com"" rel=""nofollow"">Buffer</a>","skkopiservices",0,FALSE,FALSE,NA,NA
"83","Strain no More in Your,
#onlineclass
#fall classes 
#Essay due
#Paper pay 
#javascript
#Case study
#homeworks… https://t.co/V4CL1Kkf6T",FALSE,1,NA,2021-02-28 11:29:25,TRUE,NA,"1365987464784019458",NA,"<a href=""http://twitter.com/download/android"" rel=""nofollow"">Twitter for Android</a>","TopGrade22",0,FALSE,FALSE,NA,NA
"84","5 Books That Will Teach You the #Math Behind #MachineLearning: https://t.co/sJKQ6ZCqH1 

#AI #datascience #ML #DL… https://t.co/drXRjkE0bp",FALSE,1,NA,2021-02-28 11:29:03,TRUE,NA,"1365987373415292929",NA,"<a href=""https://buffer.com"" rel=""nofollow"">Buffer</a>","GuidoKerkhof",1,FALSE,FALSE,NA,NA
"85","Get your assignments and essays delivered on time with our help
#research  paper
#business
#Algebra
#Calculus… https://t.co/19c2Uhg9eJ",FALSE,0,NA,2021-02-28 11:26:21,TRUE,NA,"1365986695569678339",NA,"<a href=""http://twitter.com/download/android"" rel=""nofollow"">Twitter for Android</a>","de_espirit",0,FALSE,FALSE,NA,NA
"86","Strain no More in Your,
#onlineclass
#fall classes 
#Essay due
#Paper pay 
#javascript
#Case study
#homeworks… https://t.co/SAmIwRdEn1",FALSE,1,NA,2021-02-28 11:24:35,TRUE,NA,"1365986249111195648",NA,"<a href=""http://twitter.com/download/android"" rel=""nofollow"">Twitter for Android</a>","GeniusEssays20",0,FALSE,FALSE,NA,NA
"87","Strain no More in Your,
#onlineclass
#fall classes 
#Essay due
#Paper pay 
#javascript
#Case study
#homeworks… https://t.co/MvHz5OkVCV",FALSE,0,NA,2021-02-28 11:22:31,TRUE,NA,"1365985729013235716",NA,"<a href=""http://twitter.com/download/android"" rel=""nofollow"">Twitter for Android</a>","de_espirit",4,FALSE,FALSE,NA,NA
"88","Strain no More in Your,
#onlineclass
#fall classes 
#Essay due
#Paper pay 
#javascript
#Case study
#homeworks… https://t.co/IviQiopjgT",FALSE,0,NA,2021-02-28 11:20:11,TRUE,NA,"1365985143664615424",NA,"<a href=""http://twitter.com/download/android"" rel=""nofollow"">Twitter for Android</a>","legit_writings",4,FALSE,FALSE,NA,NA
"89","#Multiplication #timestables #practice for #children! 

https://t.co/YlQfBUjcyU

#kids #play #Mathematics #math… https://t.co/GSfnAdR9MB",FALSE,1,NA,2021-02-28 11:17:47,TRUE,NA,"1365984538896314369",NA,"<a href=""https://buffer.com"" rel=""nofollow"">Buffer</a>","KidDotCo",0,FALSE,FALSE,NA,NA
"90","7 #Educational #Apps in 1 #Bundle!

https://t.co/2gCLgF9dOx

#Maths #math #learn #learning #play #numbers #teach… https://t.co/SXZ5FxCE16",FALSE,1,NA,2021-02-28 11:17:43,TRUE,NA,"1365984522429489156",NA,"<a href=""https://buffer.com"" rel=""nofollow"">Buffer</a>","_iblobl",0,FALSE,FALSE,NA,NA
"91","DM anytime for assistancev
#pay essay
#business
#Math
#Algebra
#Calculus
#workout plan
#Stats
#Biology
#Biometrics… https://t.co/zxNc1tDxAZ",FALSE,0,NA,2021-02-28 11:17:33,TRUE,NA,"1365984481933467652",NA,"<a href=""http://twitter.com/download/android"" rel=""nofollow"">Twitter for Android</a>","de_espirit",0,FALSE,FALSE,NA,NA
"92","Need help with your papers and essays in the following;
#chem
#biology
#Math due
#Matlab
#stats
#precalc
#hw… https://t.co/43EtTQyHkn",FALSE,0,NA,2021-02-28 11:16:43,TRUE,NA,"1365984271299710978",NA,"<a href=""http://twitter.com/download/android"" rel=""nofollow"">Twitter for Android</a>","de_espirit",0,FALSE,FALSE,NA,NA
"93","Strain no More in Your,
#onlineclass
#fall classes 
#Essay due
#Paper pay 
#javascript
#Case study
#homeworks… https://t.co/4PdPqkfRok",FALSE,1,NA,2021-02-28 11:16:31,TRUE,NA,"1365984221601402884",NA,"<a href=""http://twitter.com/download/android"" rel=""nofollow"">Twitter for Android</a>","de_espirit",3,FALSE,FALSE,NA,NA
"94","Need help with your papers and essays in the following;
#chem
#biology
#Math due
#Matlab
#stats
#precalc
#esssay… https://t.co/9eeCufxF5H",FALSE,0,NA,2021-02-28 11:16:06,TRUE,NA,"1365984114650869760",NA,"<a href=""http://twitter.com/download/android"" rel=""nofollow"">Twitter for Android</a>","de_espirit",0,FALSE,FALSE,NA,NA
"95","DM anytime for assistancev
#pay essay
#business
#Math
#Algebra
#Calculus
#workout plan
#Stats
#Biology
#Biometrics… https://t.co/KxJZCBkmhM",FALSE,0,NA,2021-02-28 11:15:58,TRUE,NA,"1365984080542765058",NA,"<a href=""http://twitter.com/download/android"" rel=""nofollow"">Twitter for Android</a>","de_espirit",1,FALSE,FALSE,NA,NA
"96","Strain no More in Your,
#onlineclass
#fall classes 
#Essay due
#Paper pay 
#javascript
#Case study
#homeworks… https://t.co/te5LwNGxrW",FALSE,1,NA,2021-02-28 11:15:11,TRUE,NA,"1365983885570490371",NA,"<a href=""http://twitter.com/download/android"" rel=""nofollow"">Twitter for Android</a>","de_espirit",5,FALSE,FALSE,NA,NA
"97","Part-2| One minute video lecture| first of all <U+0915><U+093E> use| <U+0938><U+092C><U+0938><U+0947> <U+092A><U+0939><U+0932><U+0947> | #math... https://t.co/8NuTOMcRoO via @YouTube https://t.co/C3P9jxQc1o",FALSE,0,NA,2021-02-28 11:08:43,FALSE,NA,"1365982259136786432",NA,"<a href=""https://mobile.twitter.com"" rel=""nofollow"">Twitter Web App</a>","SudhirShivam1",0,FALSE,FALSE,NA,NA
"98","Strain no More in Your,
#onlineclass
#fall classes 
#Essay due
#Paper pay 
#javascript
#Case study
#homeworks… https://t.co/vg7g3qcw7S",FALSE,1,NA,2021-02-28 11:06:39,TRUE,NA,"1365981737755570176",NA,"<a href=""http://twitter.com/download/android"" rel=""nofollow"">Twitter for Android</a>","Writers_Blessed",2,FALSE,FALSE,NA,NA
"99","Any Assistance in,
#pay essay
#business
#Math
#Algebra
#Calculus
#workout plan
#Stats
#Biology
#Biometrics… https://t.co/zLgc388qud",FALSE,0,NA,2021-02-28 11:06:08,TRUE,NA,"1365981605551091715",NA,"<a href=""http://twitter.com/download/android"" rel=""nofollow"">Twitter for Android</a>","Writers_Blessed",1,FALSE,FALSE,NA,NA
"100","DM anytime for assistancev
#pay essay
#business
#Math
#Algebra
#Calculus
#workout plan
#Stats
#Biology
#Biometrics… https://t.co/rHMXsVGtK2",FALSE,0,NA,2021-02-28 11:05:55,TRUE,NA,"1365981553671684104",NA,"<a href=""http://twitter.com/download/android"" rel=""nofollow"">Twitter for Android</a>","Writers_Blessed",1,FALSE,FALSE,NA,NA
"101","DM anytime for assistancev
#pay essay
#business
#Math
#Algebra
#Calculus
#workout plan
#Stats
#Biology
#Biometrics… https://t.co/vwQc85KT7X",FALSE,0,NA,2021-02-28 11:05:01,TRUE,NA,"1365981324192931841",NA,"<a href=""http://twitter.com/download/android"" rel=""nofollow"">Twitter for Android</a>","Writers_Blessed",1,FALSE,FALSE,NA,NA
"102","Need help with your papers and essays in the following;
#chem
#biology
#Math due
#Matlab
#stats
#precalc
#esssay… https://t.co/kONDyPWusP",FALSE,0,NA,2021-02-28 11:04:32,TRUE,NA,"1365981205750046720",NA,"<a href=""http://twitter.com/download/android"" rel=""nofollow"">Twitter for Android</a>","Writers_Blessed",0,FALSE,FALSE,NA,NA
"103","Need help with your papers and essays in the following;
#chem
#biology
#Math due
#Matlab
#stats
#precalc
#esssay… https://t.co/PjTTYNzetR",FALSE,0,NA,2021-02-28 11:04:01,TRUE,NA,"1365981073096781825",NA,"<a href=""http://twitter.com/download/android"" rel=""nofollow"">Twitter for Android</a>","VWritters",0,FALSE,FALSE,NA,NA
"104","Strain no More in Your,
#onlineclass
#fall classes 
#Essay due
#Paper pay 
#javascript
#Case study
#homeworks… https://t.co/XeNXFiWiPz",FALSE,0,NA,2021-02-28 11:03:54,TRUE,NA,"1365981046689456129",NA,"<a href=""http://twitter.com/download/android"" rel=""nofollow"">Twitter for Android</a>","USWRITERS3",1,FALSE,FALSE,NA,NA
"105","DM anytime for assistancev
#pay essay
#business
#Math
#Algebra
#Calculus
#workout plan
#Stats
#Biology
#Biometrics… https://t.co/rZgSbeGHE6",FALSE,0,NA,2021-02-28 11:02:49,TRUE,NA,"1365980771618545666",NA,"<a href=""http://twitter.com/download/android"" rel=""nofollow"">Twitter for Android</a>","elegant_write",0,FALSE,FALSE,NA,NA
"106","DM anytime for assistancev
#pay essay
#business
#Math
#Algebra
#Calculus
#workout plan
#Stats
#Biology
#Biometrics… https://t.co/5Fw7y1Htus",FALSE,0,NA,2021-02-28 11:02:04,TRUE,NA,"1365980584527486978",NA,"<a href=""http://twitter.com/download/android"" rel=""nofollow"">Twitter for Android</a>","elegant_write",0,FALSE,FALSE,NA,NA
"107","Any Assistance in,
#pay essay
#business
#Math
#Algebra
#Calculus
#workout plan
#Stats
#Biology
#Biometrics… https://t.co/cotT73viJk",FALSE,0,NA,2021-02-28 11:01:13,TRUE,NA,"1365980371725275137",NA,"<a href=""http://twitter.com/download/android"" rel=""nofollow"">Twitter for Android</a>","elegant_write",0,FALSE,FALSE,NA,NA
"108","Strain no More in Your,
#onlineclass
#fall classes 
#Essay due
#Paper pay 
#javascript
#Case study
#homeworks… https://t.co/nsxQWUR4lO",FALSE,0,NA,2021-02-28 11:01:03,TRUE,NA,"1365980327991250946",NA,"<a href=""http://twitter.com/download/android"" rel=""nofollow"">Twitter for Android</a>","elegant_write",1,FALSE,FALSE,NA,NA
"109","<U+305F><U+3060><U+3044><U+307E><U+4F1A><U+54E1><U+52DF><U+96C6><U+4E2D>! <U+79D1><U+5B66><U+7CFB><U+30BD><U+30FC><U+30B7><U+30E3><U+30EB><U+30B3><U+30DF><U+30E5><U+30CB><U+30C6><U+30A3> NazoLab <U+306A><U+305E><U+3089><U+307C> https://t.co/Fj7jRLJqI6 #nazolab #math",FALSE,0,NA,2021-02-28 10:55:13,FALSE,NA,"1365978859707899906",NA,"<a href=""http://twittbot.net/"" rel=""nofollow"">twittbot.net</a>","nazolab",0,FALSE,FALSE,NA,NA
"110","Can you beat me on Zone 21! https://t.co/4kBwr2aggT #appstore #math #eSports #ios #cardgame #skillz #gamedev… https://t.co/y0zqQ9KiNq",FALSE,2,NA,2021-02-28 10:54:06,TRUE,NA,"1365978578660294658",NA,"<a href=""http://www.ccbrothers.com"" rel=""nofollow"">CCBro Parse Test</a>","CodeCubeBrother",0,FALSE,FALSE,NA,NA
"111","Get all your JEE doubts cleared by our team of experienced IIT Alumni faculty.
Visit our website… https://t.co/6MdaUCKVkm",FALSE,0,NA,2021-02-28 10:49:04,TRUE,NA,"1365977311116361737",NA,"<a href=""https://mobile.twitter.com"" rel=""nofollow"">Twitter Web App</a>","DoubtNinja",0,FALSE,FALSE,NA,NA
"112","Pizza Pi day
https://t.co/felVZBuyg0

#piday
#pi_day
#Math 
#Mathematics 
#tshirt 
#Bestseller https://t.co/aPuX5myHzP",FALSE,0,NA,2021-02-28 10:46:14,FALSE,NA,"1365976599305281536",NA,"<a href=""https://mobile.twitter.com"" rel=""nofollow"">Twitter Web App</a>","SchentiShop",0,FALSE,FALSE,NA,NA
"113","#math #PDF #books 
https://t.co/MBOIdgS0Qd https://t.co/LqM752pUCn",FALSE,0,NA,2021-02-28 10:40:59,FALSE,NA,"1365975279185846276",NA,"<a href=""http://twitter.com/download/android"" rel=""nofollow"">Twitter for Android</a>","MathSchoolInt",0,FALSE,FALSE,NA,NA
"114","#mathematics #math #maths #science #mathematician #physics #mathmemes #mathproblems #education #calculus #algebra… https://t.co/XKV7MgCGzu",FALSE,1,NA,2021-02-28 10:39:30,TRUE,NA,"1365974906135961604",NA,"<a href=""http://twitter.com/download/android"" rel=""nofollow"">Twitter for Android</a>","DecodeCareers",0,FALSE,FALSE,NA,NA
"115","#mathematics #math #maths #science #mathematician #physics #mathmemes #mathproblems #education #calculus #algebra… https://t.co/7Qce2Eo4IC",FALSE,0,NA,2021-02-28 10:39:13,TRUE,NA,"1365974834128150529",NA,"<a href=""http://twitter.com/download/android"" rel=""nofollow"">Twitter for Android</a>","MathsDecode",0,FALSE,FALSE,NA,NA
"116","1 - 1 = 8
 #Math",FALSE,0,NA,2021-02-28 10:32:24,FALSE,NA,"1365973116577607683",NA,"<a href=""https://cheapbotsdonequick.com"" rel=""nofollow"">Cheap Bots, Done Quick!</a>","MathyBot",0,FALSE,FALSE,NA,NA
"117","The subdued primary can't wander the road. What if the dependent sympathy ate the glove? #MATH https://t.co/RlIQcMNZhx",FALSE,0,NA,2021-02-28 10:30:08,FALSE,NA,"1365972546043183105",NA,"<a href=""https://mobile.twitter.com"" rel=""nofollow"">Twitter Web App</a>","Heather20712372",0,FALSE,FALSE,NA,NA
"118","Strain no More in Your,
#onlineclass
#fall classes 
#Essay due
#Paper pay 
#javascript
#Case study
#homeworks… https://t.co/oZzTWZkBAN",FALSE,0,NA,2021-02-28 10:29:57,TRUE,NA,"1365972499553529857",NA,"<a href=""http://twitter.com/download/android"" rel=""nofollow"">Twitter for Android</a>","GradeElites",0,FALSE,FALSE,NA,NA
"119","Any Assistance in,
#pay essay
#business
#Math
#Algebra
#Calculus
#workout plan
#Stats
#Biology
#Biometrics… https://t.co/hHb41u3oi7",FALSE,0,NA,2021-02-28 10:26:03,TRUE,NA,"1365971518979772416",NA,"<a href=""http://twitter.com/download/android"" rel=""nofollow"">Twitter for Android</a>","GradeElites",0,FALSE,FALSE,NA,NA
"120","DM anytime for assistancev
#pay essay
#business
#Math
#Algebra
#Calculus
#workout plan
#Stats
#Biology
#Biometrics… https://t.co/bOwoyygRAI",FALSE,0,NA,2021-02-28 10:19:53,TRUE,NA,"1365969968127504385",NA,"<a href=""http://twitter.com/download/android"" rel=""nofollow"">Twitter for Android</a>","supertutors50",0,FALSE,FALSE,NA,NA
"121","DM anytime for assistancev
#pay essay
#business
#Math
#Algebra
#Calculus
#workout plan
#Stats
#Biology
#Biometrics… https://t.co/BNoEAlnsbm",FALSE,1,NA,2021-02-28 10:17:56,TRUE,NA,"1365969475087040514",NA,"<a href=""http://twitter.com/download/android"" rel=""nofollow"">Twitter for Android</a>","PerfectWriters6",0,FALSE,FALSE,NA,NA
"122","Need help with your academics?
#essay due 
#project
#business
#Math
#Algebra
#Calculus
#Stats
#Biology
#Biometrics… https://t.co/2L9fdWu3sZ",FALSE,0,NA,2021-02-28 10:17:40,TRUE,NA,"1365969408041115648",NA,"<a href=""http://twitter.com/download/android"" rel=""nofollow"">Twitter for Android</a>","PerfectWriters6",0,FALSE,FALSE,NA,NA
"123","Kindly DM us for; 
#business law
#Math
#Algebra
#Calculus
#Statistics 
#biology 
#Nursing
#Essay due
#Assignment… https://t.co/RIAF6Lf0gM",FALSE,1,NA,2021-02-28 10:15:38,TRUE,NA,"1365968899758583808",NA,"<a href=""http://twitter.com/download/android"" rel=""nofollow"">Twitter for Android</a>","Tutornorth",1,FALSE,FALSE,NA,NA
"124","Kindly DM us for; 
#business law
#Math
#Algebra
#Calculus
#Statistics 
#biology 
#Nursing
#Essay due
#Assignment… https://t.co/wHwRygbePE",FALSE,2,NA,2021-02-28 10:14:14,TRUE,NA,"1365968544790413314",NA,"<a href=""http://twitter.com/download/android"" rel=""nofollow"">Twitter for Android</a>","Tutornorth",0,FALSE,FALSE,NA,NA
"125","#Games #Math Where to find free online math games for kids and adults: Math isn’t a subject that comes easy to many… https://t.co/zCDN9ZCPPd",FALSE,0,NA,2021-02-28 10:08:05,TRUE,NA,"1365966997016612873",NA,"<a href=""https://dlvrit.com/"" rel=""nofollow"">dlvr.it</a>","eStream_Studios",0,FALSE,FALSE,NA,NA
"126","Get your assignments and essays delivered on time with our help
#research  paper
#business
#Algebra
#Calculus… https://t.co/9Jb5BdQKcI",FALSE,0,NA,2021-02-28 10:07:10,TRUE,NA,"1365966767814803456",NA,"<a href=""http://twitter.com/download/android"" rel=""nofollow"">Twitter for Android</a>","Best_Writers90",0,FALSE,FALSE,NA,NA
"127","Ready? Membership is now Open https://t.co/79BHjlqMAE  #100DaysOfCode #Python #data #WomenInSTEM #fintech #ios… https://t.co/qRHHRFO6Dl",FALSE,11,NA,2021-02-28 10:06:56,TRUE,NA,"1365966706993213440",NA,"<a href=""https://mobile.twitter.com"" rel=""nofollow"">Twitter Web App</a>","BlackWomenInAI",25,FALSE,FALSE,NA,NA
"128","Kindly DM us for; 
#business law
#Math
#Algebra
#Calculus
#Statistics 
#biology 
#Nursing
#Essay due
#Assignment… https://t.co/1YrrHIW671",FALSE,0,NA,2021-02-28 10:06:39,TRUE,NA,"1365966636889628672",NA,"<a href=""https://about.twitter.com/products/tweetdeck"" rel=""nofollow"">TweetDeck</a>","firstclasswrit7",0,FALSE,FALSE,NA,NA
"129","Excellent grade guaranteed at  affordable pricev
#onlineclasses 
#Fall class
#Exam
#homework 
#assignment… https://t.co/pFnL837McP",FALSE,0,NA,2021-02-28 10:05:02,TRUE,NA,"1365966232420237314",NA,"<a href=""http://twitter.com/download/android"" rel=""nofollow"">Twitter for Android</a>","CristinaEssays",0,FALSE,FALSE,NA,NA
"130","Kindly DM me for; 
#business law
#Math
#Algebra
#Calculus
#Statistics 
#biology 
#Nursing
#Essay due
#Assignment… https://t.co/ZWpcwQWnNV",FALSE,0,NA,2021-02-28 10:04:51,TRUE,NA,"1365966183057489926",NA,"<a href=""http://twitter.com/download/android"" rel=""nofollow"">Twitter for Android</a>","CristinaEssays",0,FALSE,FALSE,NA,NA
"131","Need help with your papers and essays in the following;
#chem
#biology
#Math due
#Matlab
#stats
#precalc
#esssay… https://t.co/LCSvgOpbBQ",FALSE,0,NA,2021-02-28 09:55:54,TRUE,NA,"1365963931597090821",NA,"<a href=""https://about.twitter.com/products/tweetdeck"" rel=""nofollow"">TweetDeck</a>","firstclasswrit7",0,FALSE,FALSE,NA,NA
"132","We offer Legit &amp; Quality academic solutions
Pay for
#Onlineclass
Fall classes
#research 
#business
#Javascript… https://t.co/N1JyzO4Klw",FALSE,0,NA,2021-02-28 09:53:27,TRUE,NA,"1365963313805463552",NA,"<a href=""http://twitter.com/download/android"" rel=""nofollow"">Twitter for Android</a>","quality76957071",3,FALSE,FALSE,NA,NA
"133","I offer Legit &amp; Quality academic solutions
Pay for
#research 
#business
#Javascript
#Algebra
Calculus
#Statistics
A… https://t.co/th2OtKfXh0",FALSE,0,NA,2021-02-28 09:53:09,TRUE,NA,"1365963239771799553",NA,"<a href=""http://twitter.com/download/android"" rel=""nofollow"">Twitter for Android</a>","quality76957071",3,FALSE,FALSE,NA,NA
"134","Need help? Dm or email at writersprudence@gmail.com
#Essay
#econometrics
#Paper pay
#Someone help 
#Online Classes… https://t.co/XxU4oIDbj1",FALSE,0,NA,2021-02-28 09:51:35,TRUE,NA,"1365962846224400384",NA,"<a href=""http://twitter.com/download/android"" rel=""nofollow"">Twitter for Android</a>","OnlineAmerican3",0,FALSE,FALSE,NA,NA
"135","DM anytime for assistancev
#pay essay
#business
#Math
#Algebra
#Calculus
#workout plan
#Stats
#Biology
#Biometrics… https://t.co/xtm2u2LtHO",FALSE,0,NA,2021-02-28 09:51:18,TRUE,NA,"1365962774715764737",NA,"<a href=""http://twitter.com/download/android"" rel=""nofollow"">Twitter for Android</a>","OnlineAmerican3",0,FALSE,FALSE,NA,NA
"136","DM anytime for assistancev
#pay essay
#business
#Math
#Algebra
#Calculus
#workout plan
#Stats
#Biology
#Biometrics… https://t.co/eqBuw3834K",FALSE,1,NA,2021-02-28 09:50:39,TRUE,NA,"1365962609795747841",NA,"<a href=""http://twitter.com/download/android"" rel=""nofollow"">Twitter for Android</a>","OnlineAmerican3",0,FALSE,FALSE,NA,NA
"137","@zaynsnewangel Don't miss your deadline!!
#fall classes 
#Essay due
#Paper pay 
#javascript
#Case study
#Do my home… https://t.co/TOdVhe2RXU",FALSE,0,"zaynsnewangel",2021-02-28 09:49:12,TRUE,"1365957497773645824","1365962247856652290","1282136445545660417","<a href=""http://twitter.com/download/android"" rel=""nofollow"">Twitter for Android</a>","Best2776",1,FALSE,FALSE,NA,NA
"138","Need help with your academics?
#essay due 
#project
#business
#Math
#Algebra
#Calculus
#Stats
#Biology
#Biometrics… https://t.co/qJh9QG9pUT",FALSE,1,NA,2021-02-28 09:49:08,TRUE,NA,"1365962230781599745",NA,"<a href=""https://mobile.twitter.com"" rel=""nofollow"">Twitter Web App</a>","premiumwriters8",0,FALSE,FALSE,NA,NA
"139","DM anytime for assistancev
#pay essay
#business
#Math
#Algebra
#Calculus
#workout plan
#Stats
#Biology
#Biometrics… https://t.co/qLaV4nlzXG",FALSE,0,NA,2021-02-28 09:48:50,TRUE,NA,"1365962155032530951",NA,"<a href=""https://mobile.twitter.com"" rel=""nofollow"">Twitter Web App</a>","premiumwriters8",0,FALSE,FALSE,NA,NA
"140","@howneedy Don't miss your deadline!! 
#onlineclass
#Essay due
#Paper pay 
#javascript
#Case study
#Do my homework… https://t.co/z8zCYnHJm6",FALSE,0,"howneedy",2021-02-28 09:48:18,TRUE,"1365957538718445572","1365962020093362177","1050297004436414465","<a href=""http://twitter.com/download/android"" rel=""nofollow"">Twitter for Android</a>","Best2776",2,FALSE,FALSE,NA,NA
"141","DM anytime for assistancev
#pay essay
#business
#Math
#Algebra
#Calculus
#workout plan
#Stats
#Biology
#Biometrics… https://t.co/3oHvIDwjFI",FALSE,0,NA,2021-02-28 09:48:14,TRUE,NA,"1365962002963836928",NA,"<a href=""https://mobile.twitter.com"" rel=""nofollow"">Twitter Web App</a>","premiumwriters8",0,FALSE,FALSE,NA,NA
"142","@drei_galzote Don't miss your deadline!! 
#onlineclass
#fall classes 
#Essay due
#Paper pay 
#Case study
#Do my hom… https://t.co/6OcJNc4w5v",FALSE,0,"drei_galzote",2021-02-28 09:48:05,TRUE,"1365957695048589312","1365961964107751431","1364338760","<a href=""http://twitter.com/download/android"" rel=""nofollow"">Twitter for Android</a>","Best2776",0,FALSE,FALSE,NA,NA
"143","@ComradeCh1n Don't miss your deadline!! 
#onlineclass
#fall classes 
#Essay due
#Paper pay 
#javascript
#Case study… https://t.co/y8mQrmVABm",FALSE,1,"ComradeCh1n",2021-02-28 09:47:49,TRUE,"1365958109341048834","1365961898425016325","2953609293","<a href=""http://twitter.com/download/android"" rel=""nofollow"">Twitter for Android</a>","Best2776",2,FALSE,FALSE,NA,NA
"144","@ujuwooyoung Don't miss your deadline!! 
#onlineclass
#fall classes 
#Essay due
#Paper pay 
#javascript
#Case study… https://t.co/8Zt7eZBBIG",FALSE,1,"ujuwooyoung",2021-02-28 09:47:33,TRUE,"1365959233296945152","1365961832519843849","1071018257291784194","<a href=""http://twitter.com/download/android"" rel=""nofollow"">Twitter for Android</a>","Best2776",4,FALSE,FALSE,NA,NA
"145","@nanamisdick @GETOUSEXGOD Don't miss your deadline!! 
#onlineclass
#fall classes 
#Essay due
#Paper pay… https://t.co/Z76ky88DDV",FALSE,1,"nanamisdick",2021-02-28 09:47:20,TRUE,"1365959894311063553","1365961776614019072","1333300538130255874","<a href=""http://twitter.com/download/android"" rel=""nofollow"">Twitter for Android</a>","Best2776",3,FALSE,FALSE,NA,NA
"146","@meh_madiha Don't miss your deadline!! 
#onlineclass
#fall classes 
#Essay due
#Paper pay 
#javascript
#Case study… https://t.co/Wm1xM0dt2I",FALSE,0,"meh_madiha",2021-02-28 09:46:54,TRUE,"1365960439796916224","1365961665582424067","869889380856373248","<a href=""http://twitter.com/download/android"" rel=""nofollow"">Twitter for Android</a>","Best2776",2,FALSE,FALSE,NA,NA
"147","Need help? Dm or email at writersprudence@gmail.com
#Essay
#econometrics
#Paper pay
#Someone help 
#Online Classes… https://t.co/UaXhoVL6lR",FALSE,0,NA,2021-02-28 09:46:42,TRUE,NA,"1365961618899795969",NA,"<a href=""https://mobile.twitter.com"" rel=""nofollow"">Twitter Web App</a>","writers773",0,FALSE,FALSE,NA,NA
"148","@Helenakelly73 @CarolineMcColl1 @GCUDNS Don't miss your deadline!! 
#onlineclass
#fall classes 
#Essay due
#Paper p… https://t.co/x9TBimVHbo",FALSE,0,"Helenakelly73",2021-02-28 09:46:41,TRUE,"1365960441638354944","1365961612935495680","1726419007","<a href=""http://twitter.com/download/android"" rel=""nofollow"">Twitter for Android</a>","Best2776",2,FALSE,FALSE,NA,NA
"149","@erisnotpluto Don't miss your deadline!! 
#onlineclass
#fall classes 
#Essay due
#Paper pay 
#javascript
#Case stud… https://t.co/Ti9QPmxwAq",FALSE,0,"erisnotpluto",2021-02-28 09:46:23,TRUE,"1365960455718461440","1365961538620768259","1311011854123069440","<a href=""http://twitter.com/download/android"" rel=""nofollow"">Twitter for Android</a>","Best2776",2,FALSE,FALSE,NA,NA
"150","@Cheriebel16 Don't miss your deadline!! 
#onlineclass
#fall classes 
#Essay due
#Paper pay 
#javascript
#Case study… https://t.co/wZDkNTf4RG",FALSE,1,"Cheriebel16",2021-02-28 09:46:00,TRUE,"1365960959076884481","1365961439840784386","1172141419621830658","<a href=""http://twitter.com/download/android"" rel=""nofollow"">Twitter for Android</a>","Best2776",1,FALSE,FALSE,NA,NA
"151","@probablybebe Don't miss your deadline!! 
#onlineclass
#fall classes 
#Essay due
#Paper pay 
#javascript
#Case stud… https://t.co/ZOADpaDBox",FALSE,0,"probablybebe",2021-02-28 09:45:54,TRUE,"1365961054648295428","1365961413647286275","756274885316386818","<a href=""http://twitter.com/download/android"" rel=""nofollow"">Twitter for Android</a>","Best2776",1,FALSE,FALSE,NA,NA
"152","@nezzascurls Don't miss your deadline!! 
#onlineclass
#fall classes 
#Essay due
#Paper pay 
#javascript
#Case study… https://t.co/QxARD6cVvy",FALSE,0,"nezzascurls",2021-02-28 09:45:40,TRUE,"1365961211842605058","1365961357716242435","1270124525330497542","<a href=""http://twitter.com/download/android"" rel=""nofollow"">Twitter for Android</a>","Best2776",0,FALSE,FALSE,NA,NA
"153","Don't miss your deadline!! 
#onlineclass
#fall classes 
#Essay due
#Paper pay 
#javascript
#Case study
#Do my homew… https://t.co/Mw50gQPgOV",FALSE,0,NA,2021-02-28 09:44:58,TRUE,NA,"1365961182603927553",NA,"<a href=""http://twitter.com/download/android"" rel=""nofollow"">Twitter for Android</a>","Best2776",3,FALSE,FALSE,NA,NA
"154","Learning #math, Interactive Addition - Touch #Invisible visible 
https://t.co/RdtPaAJpeQ",FALSE,0,NA,2021-02-28 09:43:18,FALSE,NA,"1365960763236442113",NA,"<a href=""http://twittbot.net/"" rel=""nofollow"">twittbot.net</a>","joonoopenstory",0,FALSE,FALSE,NA,NA
"155","Need help with your papers and essays in the following;
#chem
#biology
#Math due
#Matlab
#stats
#precalc
#esssay… https://t.co/HBgHt3Lagd",FALSE,0,NA,2021-02-28 09:37:29,TRUE,NA,"1365959295821635585",NA,"<a href=""http://twitter.com/download/android"" rel=""nofollow"">Twitter for Android</a>","OnlineAmerican3",0,FALSE,FALSE,NA,NA
"156","I'm here for #Math, #phycis #chemistry #Accounting help, DM for assistance.",FALSE,0,NA,2021-02-28 09:35:38,FALSE,NA,"1365958832485195779",NA,"<a href=""http://twitter.com/download/android"" rel=""nofollow"">Twitter for Android</a>","real001acc_math",0,FALSE,FALSE,NA,NA
"157","Need help with your papers and essays in the following;
#chem
#biology
#Math due
#Matlab
#stats
#precalc
#esssay… https://t.co/dURlJPmlzE",FALSE,0,NA,2021-02-28 09:27:40,TRUE,NA,"1365956829243662336",NA,"<a href=""http://twitter.com/download/android"" rel=""nofollow"">Twitter for Android</a>","OnlineAmerican3",0,FALSE,FALSE,NA,NA
"158","Fractal Curve Generators https://t.co/sbahP5jNVw #fractal #fractals #fractalcurve #fractalcurves #fractalgenerator #lsystem #math",FALSE,0,NA,2021-02-28 09:25:03,FALSE,NA,"1365956167999094790",NA,"<a href=""https://mobile.twitter.com"" rel=""nofollow"">Twitter Web App</a>","eu_programming",0,FALSE,FALSE,NA,NA
"159","POPPI <U+2228> PIPOP?

#mathart #gamedev #math #indiegame #indiegamedev #education #indiedev #indiegames #edu #mathteacher… https://t.co/DmkEHf7pEq",FALSE,7,NA,2021-02-28 09:24:11,TRUE,NA,"1365955950235049985",NA,"<a href=""https://mobile.twitter.com"" rel=""nofollow"">Twitter Web App</a>","mathematicalrun",8,FALSE,FALSE,NA,NA
"160","DM for Maths, physics, chemistry help,#essay #paper #Math
#Physics #chemistry https://t.co/serhzfMxEx",FALSE,0,NA,2021-02-28 09:23:33,FALSE,NA,"1365955793015734276",NA,"<a href=""http://twitter.com/download/android"" rel=""nofollow"">Twitter for Android</a>","real001acc_math",0,FALSE,FALSE,NA,NA
"161","Need help with your papers and essays in the following;
#chem
#biology
#Math due
#Matlab
#stats
#precalc
#esssay… https://t.co/sPKWHByX71",FALSE,0,NA,2021-02-28 09:22:33,TRUE,NA,"1365955538698264578",NA,"<a href=""http://twitter.com/download/android"" rel=""nofollow"">Twitter for Android</a>","VWritters",0,FALSE,FALSE,NA,NA
"162","1-2-3-4-5 Fish Crackers Counting Activity https://t.co/LD38PYSFLa #freeprintable #math",FALSE,0,NA,2021-02-28 09:17:14,FALSE,NA,"1365954201352888320",NA,"<a href=""https://revive.social/"" rel=""nofollow"">Revive Social App</a>","BestToddlerToys",0,FALSE,FALSE,NA,NA
"163","""I recognize the lion by his claw""

I/we can recognize a good twitter id by his/her single tweet.

#Newton #physics… https://t.co/EJgGS22rrC",FALSE,1,NA,2021-02-28 09:06:48,TRUE,NA,"1365951576574095361",NA,"<a href=""http://twitter.com/download/android"" rel=""nofollow"">Twitter for Android</a>","sherlocksekar",0,FALSE,FALSE,NA,NA
"164","Great, huh?

#math #toys https://t.co/gethwXlFcR",FALSE,0,NA,2021-02-28 09:06:13,FALSE,NA,"1365951427441532928",NA,"<a href=""https://socialrabbitplugin.com/"" rel=""nofollow"">SocialRabbit Plugin</a>","learnplayshop1",0,FALSE,FALSE,NA,NA
"165","And my fav from the bunch. :) #Math #STEM #comics #nationalscienceday2021 https://t.co/dG5GHEXpKy",FALSE,2,"SangitaE007",2021-02-28 09:04:40,FALSE,"1365949394181263364","1365951040604962816","1253703939662348289","<a href=""https://mobile.twitter.com"" rel=""nofollow"">Twitter Web App</a>","SangitaE007",0,FALSE,FALSE,NA,NA
"166","Need assistance? Dm me for help::
#business law
#Math
#Algebra
#Calculus
#Statistics 
#biology 
#Nursing
#Essay due… https://t.co/9sClNOx7OT",FALSE,2,NA,2021-02-28 09:04:09,TRUE,NA,"1365950907360411652",NA,"<a href=""http://twitter.com/download/android"" rel=""nofollow"">Twitter for Android</a>","prof_cecil",0,FALSE,FALSE,NA,NA
"167","Need assistance? Dm me for help::
#business law
#Math
#Algebra
#Calculus
#Statistics 
#biology 
#Nursing
#Essay due… https://t.co/P7ytsmBTGY",FALSE,2,NA,2021-02-28 09:03:49,TRUE,NA,"1365950825315639299",NA,"<a href=""http://twitter.com/download/android"" rel=""nofollow"">Twitter for Android</a>","prof_cecil",0,FALSE,FALSE,NA,NA
"168","Are you a Zionist @AndrewYang 

?

#math",FALSE,0,NA,2021-02-28 09:02:21,FALSE,NA,"1365950454459363328",NA,"<a href=""http://twitter.com/download/iphone"" rel=""nofollow"">Twitter for iPhone</a>","thugman112",0,FALSE,FALSE,NA,NA
"169","@EZCreepin @andym2639 @Hab514 @JulTessier17 @mckennaconor 1 cup final &gt; 5 years of mediocrity. #math",FALSE,0,"EZCreepin",2021-02-28 08:58:44,FALSE,"1365901423087652864","1365949545646071817","625196557","<a href=""http://twitter.com/download/iphone"" rel=""nofollow"">Twitter for iPhone</a>","dus_bern",0,FALSE,FALSE,NA,NA
"170","<U+7DDA><U+5F62><U+4EE3><U+6570><U+306E><U+4E16><U+754C><U+3002>
<U+6E96>-<U+6B63><U+8CA0><U+53CD><U+8EE2><U+4F53><U+306E><U+6027><U+8CEA><U+3002>
<U+96F6><U+884C><U+5217><U+3092><U+3064><U+304F><U+308B><U+80FD><U+529B><U+3002>
#<U+6570><U+5B66> #<U+4EE3><U+6570> #math 
https://t.co/x09qnZNezi https://t.co/o07FyehLyT",FALSE,0,NA,2021-02-28 08:50:59,FALSE,NA,"1365947593813938177",NA,"<a href=""https://mobile.twitter.com"" rel=""nofollow"">Twitter Web App</a>","mahora1123",0,FALSE,FALSE,NA,NA
"171","What if the acid standard ate the surround? The furtive reflection enjoys into the unsuitable category. #MATH https://t.co/qGIZ5tHHMx",FALSE,0,NA,2021-02-28 08:48:41,FALSE,NA,"1365947014836588544",NA,"<a href=""https://mobile.twitter.com"" rel=""nofollow"">Twitter Web App</a>","Barbara26461318",0,FALSE,FALSE,NA,NA
"172","Gradient Descent for Machine Learning (ML) 101 with Python Tutorial <U+2192> https://t.co/4dJ022HoxL

#gradientdescent… https://t.co/RIeVSMnDbz",FALSE,7,NA,2021-02-28 08:48:06,TRUE,NA,"1365946870271508481",NA,"<a href=""https://ifttt.com"" rel=""nofollow"">IFTTT</a>","arXiv__ml",13,FALSE,FALSE,NA,NA
"173","---BREAK THE CODE---

A partir de 10 ans
De 2 à 4 joueurs

#breakthecode #déduction #logique #calcul #code #math… https://t.co/OXA0HPkT9B",FALSE,0,NA,2021-02-28 08:47:35,TRUE,NA,"1365946740009037824",NA,"<a href=""http://twitter.com/download/android"" rel=""nofollow"">Twitter for Android</a>","HorizonsLudique",0,FALSE,FALSE,NA,NA
"174","A 1/3 of 3 is 1 - A 1/2 of 2 is 1 but according to the ""we made it up"" #capitalism #economic system 1 = 2 then 4 th… https://t.co/JyJSxix14J",FALSE,0,NA,2021-02-28 08:41:27,TRUE,NA,"1365945196563767298",NA,"<a href=""http://twitter.com/#!/download/ipad"" rel=""nofollow"">Twitter for iPad</a>","PercievedLogic",0,FALSE,FALSE,NA,NA
"175","Thinking ahead to the return of our revision groups, I’ve added a “Revision Board” to the site (… https://t.co/dPzXyfpjDI",FALSE,11,NA,2021-02-28 08:37:01,TRUE,NA,"1365944080283426817",NA,"<a href=""http://twitter.com/download/iphone"" rel=""nofollow"">Twitter for iPhone</a>","PiXLMattTheApp",5,FALSE,FALSE,NA,NA
"176","@Ilikethehell @nntaleb @infseriesbot Missing link. https://t.co/k5ENDYXNSl #math",FALSE,1,"Ilikethehell",2021-02-28 08:35:52,FALSE,"1365862794730479616","1365943790796759044","3326556133","<a href=""https://mobile.twitter.com"" rel=""nofollow"">Twitter Web App</a>","blogomerta",0,FALSE,FALSE,NA,NA
"177","We Deliver Best Results in
#business law
#Math
#Algebra
#Calculus
#Statistics 
#biology 
#Nursing
#Essay due… https://t.co/uzSG3t8nDS",FALSE,2,NA,2021-02-28 08:34:29,TRUE,NA,"1365943442593972229",NA,"<a href=""http://twitter.com/download/android"" rel=""nofollow"">Twitter for Android</a>","aim_high_grader",0,FALSE,FALSE,NA,NA
"178","We Deliver Best Results in
#business law
#Math
#Algebra
#Calculus
#Statistics 
#biology 
#Nursing
#Essay due… https://t.co/euByjWF38Q",FALSE,0,NA,2021-02-28 08:33:06,TRUE,NA,"1365943095204929536",NA,"<a href=""http://twitter.com/download/android"" rel=""nofollow"">Twitter for Android</a>","GradeElites",0,FALSE,FALSE,NA,NA
"179","3X1 Earth Day Literacy and Maths Game resource Bundle KS1/KS2 <U+0001F30D><U+2705><U+2795><U+2796><U+2797><U+2716><U+FE0F> https://t.co/JHvx8Nk8Wc #education… https://t.co/afuMjAk9z0",FALSE,1,NA,2021-02-28 08:30:47,TRUE,NA,"1365942511282376704",NA,"<a href=""http://twitter.com/download/iphone"" rel=""nofollow"">Twitter for iPhone</a>","TheResourceHub2",0,FALSE,FALSE,NA,NA
"180","Playing with a cannon firing parabola. :=)
Adjust shooting parameters
@geogebra
 https://t.co/s8R8SUoBzg
 #geogebra… https://t.co/GcoXEOXDIz",FALSE,14,NA,2021-02-28 08:16:23,TRUE,NA,"1365938886719987713",NA,"<a href=""https://mobile.twitter.com"" rel=""nofollow"">Twitter Web App</a>","dment37",3,FALSE,FALSE,NA,NA
"181","#Addition and #Subtraction workbook for children https://t.co/8BqHYCdPqs Learning #math for kids",FALSE,0,NA,2021-02-28 08:15:23,FALSE,NA,"1365938637532057609",NA,"<a href=""http://twittbot.net/"" rel=""nofollow"">twittbot.net</a>","joonoopenstory",0,FALSE,FALSE,NA,NA
"182","Not: gönderiyi begensiyseniz kaydedip, yorum yapip, arkadaslarinizla paylasarak destek olabilirsiniz.
Takip: mathec… https://t.co/HnLTmLdrfZ",FALSE,1,NA,2021-02-28 07:58:16,TRUE,NA,"1365934327796793348",NA,"<a href=""https://zapier.com/"" rel=""nofollow"">Zapier.com</a>","mathecno",0,FALSE,FALSE,NA,NA
"183","Here is #nine+ a tricky #math #videogame that I've developed for #android using #flutter. Check it out!
https://t.co/rULLyiIBVw",FALSE,1,NA,2021-02-28 07:55:39,FALSE,NA,"1365933669278507008",NA,"<a href=""http://twitter.com/download/android"" rel=""nofollow"">Twitter for Android</a>","MarcoMaddiona",2,FALSE,FALSE,NA,NA
"184","god man my #Math homework is so hard i will pay for help",FALSE,5,NA,2021-02-28 07:52:53,FALSE,NA,"1365932975192477703",NA,"<a href=""https://mobile.twitter.com"" rel=""nofollow"">Twitter Web App</a>","ManiiLife",0,FALSE,FALSE,NA,NA
"185","Scientific and Artistic Prints on Awesome Products https://t.co/SlWwU0zjGK #laniakea #visual #embroidery #<U+041E><U+0431><U+0449><U+0430><U+044F><U+0422><U+0435><U+043E><U+0440><U+0438><U+044F><U+041E><U+0442><U+043D><U+043E><U+0441><U+0438><U+0442><U+0435><U+043B><U+044C><U+043D><U+043E><U+0441><U+0442><U+0438> #math",FALSE,0,NA,2021-02-28 07:52:22,FALSE,NA,"1365932845609463809",NA,"<a href=""http://www.livejournal.com/"" rel=""nofollow"">LiveJournal.com</a>","GenAstronomy",0,FALSE,FALSE,NA,NA
"186","I need some last minute help with my #Math homework and will pay!",FALSE,4,NA,2021-02-28 07:51:24,FALSE,NA,"1365932600292831235",NA,"<a href=""https://mobile.twitter.com"" rel=""nofollow"">Twitter Web App</a>","Itoastytoastow",0,FALSE,FALSE,NA,NA
"187","<U+0412><U+044B><U+0432><U+0435><U+043B> <U+0444><U+043E><U+0440><U+043C><U+0443><U+043B><U+0443> (<U+0438><U+043B><U+0438> <U+043D><U+0430><U+0434><U+0435><U+044E><U+0441><U+044C> <U+043D><U+0430> <U+0442><U+043E>, <U+0447><U+0442><U+043E> <U+0434><U+043E> <U+043C><U+0435><U+043D><U+044F> <U+0435><U+0435> <U+043D><U+0435> <U+0432><U+044B><U+0432><U+043E><U+0434><U+0438><U+043B><U+0438>:))
#Math #mathtwitter https://t.co/bctMrN9CAx",FALSE,0,NA,2021-02-28 07:46:05,FALSE,NA,"1365931261315993600",NA,"<a href=""https://mobile.twitter.com"" rel=""nofollow"">Twitter Web App</a>","shakhin42",0,FALSE,FALSE,NA,NA
"188","<U+0412><U+044B><U+0432><U+0435><U+043B> <U+0444><U+043E><U+0440><U+043C><U+0443><U+043B><U+0443> (<U+0438><U+043B><U+0438> <U+043D><U+0430><U+0434><U+0435><U+044E><U+0441><U+044C> <U+043D><U+0430> <U+0442><U+043E>, <U+0447><U+0442><U+043E> <U+0434><U+043E> <U+043C><U+0435><U+043D><U+044F> <U+0435><U+0435> <U+043D><U+0435> <U+0432><U+044B><U+0432><U+043E><U+0434><U+0438><U+043B><U+0438>:))
#Math #mathtwitter https://t.co/4GArPZtle1",FALSE,0,NA,2021-02-28 07:45:21,FALSE,NA,"1365931079895576578",NA,"<a href=""https://mobile.twitter.com"" rel=""nofollow"">Twitter Web App</a>","shakhin42",0,FALSE,FALSE,NA,NA
